ELECTRONIC,Speaker,Computer,Laptop,TV,Camera,Car Electronics,GPS,Home Theatre,Headphone,Tuner,Bluetooth Headphone,Airpods,Washing Machine,Dish Washer,Sound Bar,Tablet,Smart Wearable,Wifi,Video Game,Monitor,Refrigerator,Mobile,Electronics,,,,,,,,,,,,,,,,,,,,,,,,,,
SPORTS,Sport Equipment,Sport T-Shirt,Sport Wear,Trophy,Cricket,Football,Basketball,Tennis,Badminton,Yoga Wear,Gym Wear,Tank Top,Sweat Pant,Capri Pant,Sweat Short,Racerbacks,Sport Trousers,Equipment,Health,Sport Shoe,,,,,,,,,,,,,,,,,,,,,,,,,,,,,
HOME IMPROVEMENT,Painting,Statue,Furnishing,Clock,Floor Art,Glass,Home Decor,Showpiece,Artificial Flower,Gift Item,Temple,Marble,Granite,Laminates,Bathroom Fitting,Fitting,Bathroom Fitting,Sanitaryware,Laminate,Plywood,Veneer,Wallpaper,Flooring,Wall Cover,Plywood Tile,Timber,Wooden Tiles,Tiles,Clay Product,Electrical Ceramic,Magnetic Ceramic,Abrasive Ceramic,Refractory,Hardware,Ladder,Ceramic,,,,,,,,,,,,,
FURNITURE,Kitchen Furniture,Table,Chair,Desk,Sofa,Leather Sofa,Cupboard,Dining,Bed,Wardrobe,Office Chair,Office Table,Coffee Table,Computer Table,Study Table,Collapsible Wardrobe,Dressing Table,Bookshelves,Recliner,Home Benches,Shoe Stand,,,,,,,,,,,,,,,,,,,,,,,,,,,,
FURNISHING,Carpet,Rug,Blind,Bedsheet,Curtain,Sofa Fabric,Pillow,Blankets,Grass Mat,Carpet Runner,Mattress,dari ,Rugs,carpets,,,,,,,,,,,,,,,,,,,,,,,,,,,,,,,,,,,
BEAUTY,Cosmetic,Skin Care,Make Up,Nail Art,Hair Care,Body Care,Fragrance,Body Soap,Hair Styling Equipment,Hair Accessories,Men's Grooming,Kajal,Eyeliner,Lipstick,Compact ,Makeup Brush,Blush,Highlighter,Foundation,Eye Palette,Lip Liner,Eyeshadow,Bronzer,Lip Balm,Mascara,Cleanser,Scrub,Moisturizer,Anti Aging Cream,Night Cream,Sun Scream,Hairspray,Beard Oil,Trimer,Shaving Cream,Hair Dryer,Straightener,Curler,Nail Paint,,,,,,,,,,
APPAREL,Kids Wear,Women's Wear,Men's Wear,Wedding Wear,Saree,Kurta,Kurti,Lehenga,Dress Material,Formal Wear,Party Wear,Casual Wear,Leather ,Jumpsuit,Jeans,Ethnic set,Dress ,Gowns,Blouse,Dupatta,Ghagra Choli,Sweatshirt,T Shirt,Shirt,Sweater,Jacket,Top,Bottoms,Sleepwear,Jegging,Trousers,Capris,Shorts,Skirt,Shrug,Coat,Blazer,Waistcoat,Skinny Jeans,Distressed Jeans,Highwaist Jeans,Dungaree,Cotton,Silk,Short Dress,Long Dress,Sherwani,Dhoti ,
FOOTWEAR,High Heels,Shoes,Sandal,Sabaton,Men's Footwear,Kids Footwear,Formal Shoes,Casual Footwear,Boots,Slippers,Ethnic Footwear,Wedges,Monks,Chelsea Boot,Thigh High Boot,Snow Boot,Rain Boot,Platform Heel,Loafer Shoe,Sports Shoe,Shoe,,,,,,,,,,,,,,,,,,,,,,,,,,,,
JEWELLERY,Gold,Diamond,Gems,Silver,Platinum,Brooch,Ring,Necklace,Earrings,Pendant,Bracelet,Cufflink,Kids Jewellery,kada,Jewellery,,,,,,,,,,,,,,,,,,,,,,,,,,,,,,,,,,
FITNESS,Cycle,Bicycle,Dumbbell,Cross-Country Ski Machine,Elliptical Trainer,Rowing Machine,Stair Steppers,Treadmill,Ankle Weight,Weights,Yoga Mat,Cap Barbell,Battle Rope,Everlast Heavy Bag,Gymnastic Rings,Basic Gym Equipment,fitness,,,,,,,,,,,,,,,,,,,,,,,,,,,,,,,,
BAGS,Handbag,Sling bag,Clutches,Tote,Messenger Bag,Shoulder Bag,Backpack,Waist Pouch,Antistatic bag,Leather Bag,Wallet,Hobo Bag,Satchel,Bucket bag,Bowler Bag,Wristlet,Designer Pouch,Saddle Bag,Miniaudiere,Drawstring Bag,Make Up Bag,Foldover Bag,Phone Bag,Baguette Bag,Barrel Bag,Fanny Pack,Kelly Bag,bags,bag,,,,,,,,,,,,,,,,,,,,
TRAVEL,Wheeled Backpack,Luggage,Rolling Suitcase,Suitcase,Trolley Bag,Rucksack,Travel Toes,Duffle Bag,Hardside Luggage,Laptop Bag,Garment Bag,Vintage Suitcase,Travel Trunk,Beach Bag,Camera Case Bag,Travel Pillow,,,,,,,,,,,,,,,,,,,,,,,,,,,,,,,,,
LIGHTS,Ceiling Light,LED Lighting,Light Art,Stage Light,Fan Light,Street Light,Designer Light,Architecture Light,Elegant Light,Decorative Light,Wall Mounted Fixture,LED Downlight,Chandelier,Accent Lighting,Ambient Lighting,Rope Lighting,Niche Lighting,,,,,,,,,,,,,,,,,,,,,,,,,,,,,,,,
KITCHEN,Kitchen Equipments,Crockery,Appliances,Kitchen Electrics,Modular,Kitchen Gift Items,Steel,Cutlery,,,,,,,,,,,,,,,,,,,,,,,,,,,,,,,,,,,,,,,,,
ACCESSORIES,Watch,Formal Watch,Phone Case,Selfie Stick,Tripod,Belt,Sunglass,Umbrella,Tattoo,Pet Food,,,,,,,,,,,,,,,,,,,,,,,,,,,,,,,,,,,,,,,
BIKE ,Bike Accessories,Helmet,Riding Glove,Rain Gear,Protectors,Storage Box,Tool Kit,Padded Shorts,,,,,,,,,,,,,,,,,,,,,,,,,,,,,,,,,,,,,,,,,
