Name,Category,Tags,New
,Footwear,"High Heels,Shoes,Sandal,Sabaton,Men's Footwear,Kids Footwear,Formal Shoes,Casual Footwear,Boots,Slippers,Ethnic Footwear,Wedges,Monks,Chelsea Boot,Thigh High Boot,Snow Boot,Rain Boot,Platform Heel,Loafer Shoe,Sport Shoe,Polo Foowear & Accessories",Fashion
Royal Ladders,Home Improvement,"Ladder,Fitting,Home Decor,Floor Art,Home Improvement,Royal Ladders",Kitchen
BF Foam House & Furnishings,Furnishing,"Carpet,Rug,Blind,Bedsheet,Curtain,Sofa Fabric,Pillow,Blankets,Grass Mat,Carpet Runner,Mattress,Decor,Pure,GMF,Hush,Recron,Sleepwell,BF Foam House & Furnishings",Furnishing
Beauty & More,Beauty,"Cosmetic,Skin Care,Make Up,Nail Art,Hair Care,Body Care,Fragrance,Body Soap,Hair Styling Equipment,Hair Accessories,Men's Grooming,Kajal,Eyeliner,Lipstick,Compact ,Makeup,Brush,Blush,Highlighter,Foundation,Eye Palette,Lip Liner,Eyeshadow,Bronzer,Lip Balm,Mascara,Cleanser,Scrub,Moisturizer,Anti Aging Cream,Night Cream,Sun Scream,Hairspray,Beard Oil,Trimer,Shaving Cream,Hair Dryer,Straightener,Curler,Nail Paint,Beauty & More",Beauty
Rohit Hardware,Home Improvement,"Hardware,Furtniture Fitting,Bathroom Fittinfg,Home Decor,Zaha,Dortel,Rohit Hardware",Bath & Fittings
Sai Glass & Aluminium Center,Home Improvement,"Glass,Mirror,Name Plate,Decorative Glass,Sai Glass & Aluminium Center,St Gobain, Modi",Glass
Apparel Nation,Apparel,"Women's Wear,Men's Wear,Kids Wear,Clothing,Branded,Party Wear,Casual Wear,Leather,Jumpsuit,Jeans,Ethnic set,Dress ,Gowns,Sweatshirt,T Shirt,Shirt,Sweater,Jacket,Top,Bottoms,Sleepwear,Jegging,Trousers,Innerwear,,Capris,Shorts,Skirt,Shrug,Coat,Blazer,Waistcoat,Skinny Jeans,Distressed Jeans,Highwaist Jeans,Dungaree,Cotton,Silk,Short Dress,Long Dress,Apprael Nation",Fashion
Galaxy Laminates,Home Improvement,"Plywood,Laminate,Wallpapers,Wooden Flooring,Floor Art,Home Decor,Greenply Merino,Century,Sundek,Royal Touch,Galaxy Laminates",Laminates & Wallpaper
,Electronic,"Mobile,Phone,Electronic Accessories,IPhone,Vivo,Samsung,Oppo,MI,Realme,Arihant Mobile",Electornics
Rooptex Opticians,Accessories,"Optician,EyeWear,Eye Protection,Glass,Sunglass,Rooptex Opticians,Reban",Accessories
Gaurav Ceramic Studio,Home Improvement,"Tile,Bathroom Fitting,Sanitary Ware,Home Decor,Electrical Ceramic,Magnetic Ceramic,Abrasive Ceramic,Gaurav Ceramic Studio",Bath & Fittings
Times & More,Accessories,"Smart Watch,Watch,Clock,Wallet,Belt,Perfume,Home Decor,Times & More,Casio,Fossil,Ferrari,Esprit,Alexanders,Cristries",Accessories
Ultimate Sports,Sports,"Sport Equipment,Sport T-Shirt,Sport Wear,Trophy,Cricket,Football,Basketball,Tennis,Badminton,Yoga Wear,Gym Wear,Tank Top,Sweatpant,Capri Pant,Sweat Short,Racerbacks,Sport Trousers,Equipment,Health,Sport Shoe,Adidas,Speedo,Ultimate Sports",Sports
Irobot,Electronic,"Vacuum Bundle,Irobot Roomba,Electronic,Brava Mops,Accessories,Irobot,Irobo",Home gadget
Veneer Spot Studio,Home Improvement,"Tile,Plywood,Board,Door,Shuttering,Lamination,Wallpaper,Veneer,4 Mann,Veneer Spot Studio",Laminates & Wallpaper
Shreeji Hardware - ii,Home Improvement,"Hardware,Interior Fitting,Bathroom Design,Home Decor,Shreeji Hardware",Bath & Fittings
,Home Improvement,"Kitchen Furniture,Table,Chair,Desk,Sofa,Leather Sofa,Cupboard,Dining,Bed,Wardrobe,Office Chair,Office Table,Coffee Table,Computer Table,Study Table,Collapsible Wardrobe,Dressing Table,Bookshelves,Recliner,Home Benches,Shoe Stand,Better Home",Furniture
Sony Sports,Sports,"Sport Equipment,Sport T-Shirt,Sportswear,Trophy,Cricket,Football,Basketball,Tennis,Badminton,Yoga Wear,Gym Wear,Tank Top,Sweatpant,Capri Pant,Sweat Short,Racerbacks,Sport Trousers,Equipment,Health,Sport Shoe,Sony Sports",Sports
Als Tatoo n Body Piercing Studio,Accessories,"Tatto,Body Art,Piercing,Als Tatoo n Body Piercing Studio",Accessories
Arihant Mobile,Electronic,"Mobile,Phone,Electronic Accessories,IPhone,Vivo,Samsung,Oppo,MI,Realme,Arihant Mobile",Electronic
Classic Luggage,Travel,"Wheeled Backpack,Luggage,Rolling Suitcase,Suitcase,Trolley Bag,Rucksack,Travel Toes,Duffle Bag,Hardside Luggage,Laptop Bag,Garment Bag,Vintage Suitcase,Travel Trunk,Beach Bag,Camera Case Bag,Classic Luggage",Accessories
M R Steel Furniture,Furniture,"Kitchen Furniture,Table,Chair,Desk,Sofa,Leather Sofa,Cupboard,Dining,Bed,Wardrobe,Office Chair,Office Table,Coffee Table,Computer Table,Study Table,Collapsible Wardrobe,Dressing Table,Bookshelves,Recliner,Home Benches,Shoe Stand,Steel,M R Steel Furniture",Furniture
Riddhi Art Jewellery,Jewellery,"Gold,Diamond,Gems,Silver,Platinum,Brooch,Ring,Necklace,Errings,Pendant,Bracelet,Cufflink,Kids Jewellery,Riddhi Art Jwellery",Jewellery
gayatri ply n laminates,Home Improvement,"Plywood,Laminate,Interior Decor,Wood  Flooring,Wallpaper,Gayatri Ply n Laminates",Laminates & Wallpaper
kiara's pet stores ,Accessories,"Pet Care,Pet Food,Cat Food, Dog Food, Pet Toys,Pet Accessories,Kiara's Pet Store",Accessories
Pari Decor,Home Improvement,"Home Decor,Clock,Showpiece,Wall Decoration,Artificial Flower,Interior Design,Pari Decor",Art & Decor
Vardhaman Mobiles,Electronic,"Mobile,Phone,Electronic Accessories,IPhone,Vivo,Samsung,Oppo,MI,Realme,Vardhaman Mobile",Electronic
Wms The Mobile Store,Electronic,"Mobile,Phone,Electronic Accessories,IPhone,Vivo,Samsung,Oppo,MI,Realme,Wms The Mobile Store",Electronic
Dynamic Led,Lights,"Ceiling Light,LED Lighting,Light Art,Stage Light,Fan Light,Street Light,Designer Light,Architecture Light,Elegant Light,Decorative Light,Wall Mounted Fixture,LED Downlight,Chandelier,Accent Lighting,Ambient Lighting,Rope Lighting,Niche Lighting,BNZ,Dynamic Led",Lighting
Supercera Distinctive Tile Studio,Home Improvement,"Tile,Bathroom Fitting,Fitting,Cpvc Fitting,Super Stone,Jaquar,Supercera Distinctive Tile Studio",Bath & Fittings
Urban Mattresses Store,Furnishing,"Carpet,Rug,Blind,Bedsheet,Curtain,Sofa Fabric,Pillow,Blankets,Grass Mat,Carpet Runner,Mattress,Spring,Urban Mattresses Store",Mattress
Jagdamba Furnishings,Furnishing,"Carpet,Rug,Blind,Bedsheet,Curtain,Sofa Fabric,Pillow,Blankets,Grass Mat,Carpet Runner,Mattress,Wooden Carpet,Pvc Carpet,Dc Furnishings,Jagdamba Furnishings ",Furnishing
Jagdambha Furnishing,Furnshing,"Carpet,Rug,Blind,Bedsheet,Curtain,Sofa Fabric,Pillow,Blankets,Grass Mat,Carpet Runner,Mattress,Wooden Carpet,Pvc Carpet,Decor,Kc Fsbrics,DCTEX Furnishings,Corform,Kurl-on, Sleepwell,Jagdambha Furnishing",Furnishing
elegance furniture and interiors,Furniture,"Kitchen Furniture,Table,Chair,Desk,Sofa,Leather Sofa,Cupboard,Dining,Bed,Wardrobe,Office Chair,Office Table,Coffee Table,Computer Table,Study Table,Collapsible Wardrobe,Dressing Table,Bookshelves,Recliner,Home Benches,Shoe Stand,Elegance Furniture And Interiors ",Furniture
Harmony Painting Frames,Home Improvement,"Painting,Frame,Statute,Home Decor,Clock,Showpiece,Wall Decoration,Artificial Flower,Interior Design,Harmony Painting Frames",Art & Decor
KalaPurnOm The Interior Mall,Home Improvement,"Furniture,Lights,Home Decor,Clock,Showpiece,Wall Decoration,Artificial Flower,Interior Design,Kala Purn Om The Interior Mall ",Furniture
New Oliver Furniture,Furniture,"Kitchen Furniture,Table,Chair,Desk,Sofa,Leather Sofa,Cupboard,Dining,Bed,Wardrobe,Office Chair,Office Table,Coffee Table,Computer Table,Study Table,Collapsible Wardrobe,Dressing Table,Bookshelves,Recliner,Home Benches,Shoe Stand,New Oliver Furniture",Furniture
New Oliver Furniture,Furniture,"Kitchen Furniture,Table,Chair,Desk,Sofa,Leather Sofa,Cupboard,Dining,Bed,Wardrobe,Office Chair,Office Table,Coffee Table,Computer Table,Study Table,Collapsible Wardrobe,Dressing Table,Bookshelves,Recliner,Home Benches,Shoe Stand,New Oliver Furniture",Furniture
one step furniture,Furniture,"Kitchen Furniture,Table,Chair,Desk,Sofa,Leather Sofa,Cupboard,Dining,Bed,Wardrobe,Office Chair,Office Table,Coffee Table,Computer Table,Study Table,Collapsible Wardrobe,Dressing Table,Bookshelves,Recliner,Home Benches,Shoe Stand,One Step Furniture",Furniture
Ziyan Furniture,Furniture,"Kitchen Furniture,Table,Chair,Desk,Sofa,Leather Sofa,Cupboard,Dining,Bed,Wardrobe,Office Chair,Office Table,Coffee Table,Computer Table,Study Table,Collapsible Wardrobe,Dressing Table,Bookshelves,Recliner,Home Benches,Shoe Stand,Ziyan Furniture,Ziyan Furniture Interior Decorator",Furniture
Glorious gifts & Trophies,Sports,"Trophy,Leather,Gift's Article,Accesories,GGT,Glorious gifts & Trophies",Furniture
Relation Footwear,Footwear,"High Heels,Shoes,Sandal,Sabaton,Men's Footwear,Kids Footwear,Formal Shoes,Casual Footwear,Boots,Slippers,Ethnic Footwear,Wedges,Monks,Chelsea Boot,Thigh High Boot,Snow Boot,Rain Boot,Platform Heel,Loafer Shoe,Sport Shoe,Relation Footwear",Fashion
Royal Art Pet Shop,Accessories,"Pet Care,Pet Food,Cat Food, Dog Food, Pet Toys,Pet Accessories,Royal Art Pet Shop",Accessories
Shiv Shakti Gems & Rudraksh,Jewellery,"Gold,Diamond,Gems,Silver,Platinum,Brooch,Ring,Necklace,Errings,Pendant,Bracelet,Cufflink,Kids Jewellery,Shiv Shakti,Shiv Shakti Gems & Rudraksh",Jewellery
oiionm,Bags,"Leather Jacket,Handbag,Sling bag,Clutches,tote,Messenger Bag,Shoulder Bag,Backpack,Waist Pouch,Antistatic bag,Leather Bag,Wallet,Hobo Bag,Satchel,Bucket bag,Bowler Bag,Wristlet,Designer Pouch,Saddle Bag,Miniaudiere,Drawstring Bag,Make Up Bag,Foldover Bag,Phone Bag,Baguette Bag,Barrel Bag,Fanny Pack,Kelly Bag,High Look,High Look Leather Boutique",Fashion
Gulab,Furniture,"Kitchen Furniture,Table,Chair,Desk,Sofa,Leather Sofa,Cupboard,Dining,Bed,Wardrobe,Office Chair,Office Table,Coffee Table,Computer Table,Study Table,Collapsible Wardrobe,Dressing Table,Bookshelves,Recliner,Home Benches,Shoe Stand,Gulab,Gulab Leather Art & Furniture",Furniture
Inmod Shoes,Footwear,"High Heels,Shoes,Sandal,Sabaton,Men's Footwear,Kids Footwear,Formal Shoes,Casual Footwear,Boots,Slippers,Ethnic Footwear,Wedges,Monks,Chelsea Boot,Thigh High Boot,Snow Boot,Rain Boot,Platform Heel,Loafer Shoe,Sport Shoe,Air-Cooled ,Campus,Inmod Shoes",Fashion
Kitty Kids Department Store,Apparel,"Kids Wear,Clothing,Branded,Party Wear,Casual Wear,Leather,Jumpsuit,Jeans,Ethnic set,Dress ,Gowns,Sweatshirt,T Shirt,Shirt,Sweater,Jacket,Top,Bottoms,Sleepwear,Jegging,Trousers,Innerwear,,Capris,Shorts,Skirt,Shrug,Coat,Blazer,Waistcoat,SSSkinny Jeans,Distressed Jeans,Highwaist Jeans,Dungaree,Cotton,Silk,Short Dress,Long Dress,Kitty Kids Department Store",Fashion
Leather Baggit,Bags,"Leather Jacket,Handbag,Sling bag,Clutches,tote,Messenger Bag,Shoulder Bag,Backpack,Waist Pouch,Antistatic bag,Leather Bag,Wallet,Hobo Bag,Satchel,Bucket bag,Bowler Bag,Wristlet,Designer Pouch,Saddle Bag,Miniaudiere,Drawstring Bag,Make Up Bag,Foldover Bag,Phone Bag,Baguette Bag,Barrel Bag,Fanny Pack,Kelly Bag,High Look,Baggit,Leather Baggit",Fashion
Leather King,Bags,"Leather Jacket,Handbag,Sling bag,Clutches,tote,Messenger Bag,Shoulder Bag,Backpack,Waist Pouch,Antistatic bag,Leather Bag,Wallet,Hobo Bag,Satchel,Bucket bag,Bowler Bag,Wristlet,Designer Pouch,Saddle Bag,Miniaudiere,Drawstring Bag,Make Up Bag,Foldover Bag,Phone Bag,Baguette Bag,Barrel Bag,Fanny Pack,Kelly Bag,High Look,Leather King",Fashion
New Tip Top,Footwear,"High Heels,Shoes,Sandal,Sabaton,Men's Footwear,Kids Footwear,Formal Shoes,Casual Footwear,Boots,Slippers,Ethnic Footwear,Wedges,Monks,Chelsea Boot,Thigh High Boot,Snow Boot,Rain Boot,Platform Heel,Loafer Shoe,Sport Shoe,New Tip Top",Fashion
The Glass Shoppe,Home Improvement,"Glass,Mirror,Name Plate,Decorative Glass,Designer Glass,The Glass Shoppe",Glass
Gokul Ceramics,Home Improvement,"Designer Tile,Sanitary Ware,Stone,Granite,Ceramic,Jaguar,Ceramic,Gold Lime,Gokul Ceramics",Bath & Fittings
Mahendra Tools And Tackles,Home Improvement,"Drill Machine,Cutter Machine,Blower,Compressor,Mixer Machine,Presshar Washer,Car Washer Machine,Tools,Tackles, Mahendra Tools And Tackles,Bosch,Makita,Hitachi,Canex,Electrecx,Dewalt",Bath & Fittings
Novelty Furnishing,Furnishing,"Carpet,Rug,Blind,Bedsheet,Curtain,Sofa Fabric,Pillow,Blankets,Grass Mat,Carpet Runner,Mattress,Novelty,Novelty Furnishing",Furnishing
Novelty Furnishings ,Furnishing,"Carpet,Rug,Blind,Bedsheet,Curtain,Sofa Fabric,Pillow,Blankets,Grass Mat,Carpet Runner,Mattress,Novelty,Novelty Furnishing",Furnishing
Novelty Furnishings ,Furnishing ,"Carpet,Rug,Blind,Bedsheet,Curtain,Sofa Fabric,Pillow,Blankets,Grass Mat,Carpet Runner,Mattress,Novelty,Novelty Furnishing",Furnishing 
v.i.p apna collection,Travel,"Wheeled Backpack,Luggage,Rolling Suitcase,Suitcase,Trolley Bag,Rucksack,Travel Toes,Duffle Bag,Hardside Luggage,Laptop Bag,Garment Bag,Vintage Suitcase,Travel Trunk,Beach Bag,Camera Case Bag,Vip,America Tourist,  Aristocraft Lugged,Polo Club Usa,Ventex Germany,V.I.P.Apana Collection",Accessories
New Milan Footwear,Footwear,"High Heels,Shoes,Sandal,Sabaton,Men's Footwear,Kids Footwear,Formal Shoes,Casual Footwear,Boots,Slippers,Ethnic Footwear,Wedges,Monks,Chelsea Boot,Thigh High Boot,Snow Boot,Rain Boot,Platform Heel,Loafer Shoe,Sport Shoe,New Milan Footwear",Fashion
Orchid Trade Link,Home Improvement,"Plywood,Veneer,Timber,Laminate,MDF,Wooden Flooring,Wallpaper,Granite,Orchid Trade Link,Ego,Orion Ego",Laminates & Wallpaper
U & I - NX Men's Wear,Apparel,"Men's Wear,Clothing,Branded,Party Wear,Casual Wear,Leather,Jumpsuit,Jeans,Sweatshirt,T Shirt,Shirt,Sweater,Jacket,Top,Bottoms,Sleepwear,Trousers,Innerwear,,Capris,Shorts,Skirt,Shrug,Coat,Blazer,Waistcoat,SSSkinny Jeans,Distressed Jeans,Highwaist Jeans,Dungaree,Cotton,Silk,U & I - NX Men's Wear",Fashion
Wooden Tailor,Furniture,"Kitchen Furniture,Table,Chair,Desk,Sofa,Leather Sofa,Cupboard,Dining,Bed,Wardrobe,Office Chair,Office Table,Coffee Table,Computer Table,Study Table,Collapsible Wardrobe,Dressing Table,Bookshelves,Recliner,Home Benches,Shoe Stand,Hafele,Hettich,Wooden Tailor",Furniture
Zoya's Designer,Apparel,"Designer Clothes,Branded,Wedding Wear,Men's Wear,Sherwani,Kurta,Saree,Fancy Saree,regular Saree,Wedding Collection,Kurti,Lehenga,Dress Material,Ghagra,Zoya's Designer",Fashion
A - 1 Watch Sales & Services Center,Accessories,"Watch,Smart Watch,Digital Watch,Formal Watch,Sunglass,Titan,Casio,A - 1 Watch Sales & Services Center",Accessories
Dolphins Ceramic,Home Improvement,"Tile,Sanitary Ware,Bathroom Fitting,Granite,Electrical Ceramic,Magnetic Ceramic,Abrasive Ceramic,Dolphins Ceramic",Bath & Fittings
Galleria Sports Center,Sports,"Sport Equipment,Sport T-Shirt,Sportswear,Trophy,Cricket,Football,Basketball,Tennis,Badminton,Yoga Wear,Gym Wear,Tank Top,Sweatpant,Capri Pant,Sweat Short,Racerbacks,Sport Trousers,Equipment,Health,Sport Shoe,MRF,Nike,Galleria Sports Center",Sports
Sundaram Marketing,Home Improvement,"Sanitary Ware,Ceramic,Tile,Fitting,Granite,Sundaram Marketing,Jaquar,Aquant,Cera,Racold",Bath & Fittings
The Jackpot Complete Family Garment Store,Apparel,"Women's Wear,Men's Wear,Kids Wear,Clothing,Branded,Party Wear,Casual Wear,Leather,Jumpsuit,Jeans,Ethnic set,Dress ,Gowns,Sweatshirt,T Shirt,Shirt,Sweater,Jacket,Top,Bottoms,Sleepwear,Jegging,Trousers,Innerwear,,Capris,Shorts,Skirt,Shrug,Coat,Blazer,Waistcoat,SSSkinny Jeans,Distressed Jeans,Highwaist Jeans,Dungaree,Cotton,Silk,Short Dress,Long Dress,The Jackpot Complete Family Garment Shope",Fashion
Decent Decor,Home Improvement,"Wallpaper,Wooden Decor,Home Decor,Home Interior,Decent Decor",Laminates & Wallpaper
Gleaming Light,Lights,"Ceiling Light,LED Lighting,Light Art,Stage Light,Fan Light,Street Light,Designer Light,Architecture Light,Elegant Light,Decorative Light,Wall Mounted Fixture,LED Downlight,Chandelier,Accent Lighting,Ambient Lighting,Rope Lighting,Niche Lighting,Gleaming Light",Lighting
Mangalam Jewellers,Jewellery,"Gold,Diamond,Gems,Silver,Platinum,Brooch,Ring,Necklace,Errings,Pendant,Bracelet,Cufflink,Kids Jewelry,Mangalam Jewellers",Jewellery
Om Sports,Sports,"Sport Equipment,Sport T-Shirt,Sportswear,Trophy,Cricket,Football,Basketball,Tennis,Badminton,Yoga Wear,Gym Wear,Tank Top,Sweatpant,Capri Pant,Sweat Short,Racerbacks,Sport Trousers,Equipment,Health,Sport Shoe,Om Sports",Sports
Rahul Ceramics,Home Improvement,"Tile,Bathroom Fitting,Sanitary Ware,Home Decor,Electrical Ceramic,Magnetic Ceramic,Abrasive Ceramic,Rahul Ceramics,Jaquar,Duravit,Grohe,Bravat,Astral,Cera,Nirali",Bath & Fittings
Vision Palace Opticians,Accessories,"Opticians,Sunglass,Eyewear,Eye Protection,Levi's,Zeiss,Polo Fashion,Mont Blanc,Celine dion,Emanuel Strazzi,Vision Palace Opticians",Accessories
Aashiqui Shoes,Footwear,"High Heels,Shoes,Sandal,Sabaton,Men's Footwear,Kids Footwear,Formal Shoes,Casual Footwear,Boots,Slippers,Ethnic Footwear,Wedges,Monks,Chelsea Boot,Thigh High Boot,Snow Boot,Rain Boot,Platform Heel,Loafer Shoe,Sport Shoe,Goss Shoes, Skechers Forum,Asics,Aashiqui Shoes",Fashion
kohetoor stones & tiles,Home Improvement,"Tile,Bathroom Fitting,Sanitary Ware,Home Decor,Electrical Ceramic,Magnetic Ceramic,Abrasive Ceramic,Kajaria,Kohetoor Stone & Tiles Private Limited",Bath & Fittings
Laxmi,Home Improvement,"Tile,Bathroom Fitting,Sanitary Ware,Home Decor,Electrical Ceramic,Magnetic Ceramic,Abrasive Ceramic,Laxmi Ceramic,Kohler",Bath & Fittings
Luggage World,Travel,"Wheeled Backpack,Luggage,Rolling Suitcase,Suitcase,Trolley Bag,Rucksack,Travel Toes,Duffle Bag,Hardside Luggage,Laptop Bag,Garment Bag,Vintage Suitcase,Travel Trunk,Beach Bag,Camera Case Bag,Victorinox,Swiss Gear,Delsey,Itluggage,Eminent,Lipault",Accessories
Priyank Kumar,Accessories,"Saree,Fancy Saree,regular Saree,Wedding Collection,Kurta,Kurti,Lehenga,Dress Material,Ghagra,Priyank Kumar",Accessories
Swastik Plywood,Home Improvement,"Tile,Plywood,Board,Door,Shuttering,Lamination,Wallpaper,Century ply,Green ply,Swastik Plywood",Laminates & Wallpaper
Kalanjali Sangmarmar Arts,Home Improvement,"Moorti, Article,Statue,Home Decor,Sangmarmar Arts,Kalanjali Sangmarmar Arts",Art & Decor
Only Veneer,Home Improvement,"Plywood,Laminate,Interior Decor,Wood  Flooring,Wallpaper,Only Veneer",Laminates & Wallpaper
Rachana Shilp,Home Improvement,"Tile,Bathroom Fitting,Sanitary Ware,Home Decor,Electrical Ceramic,Magnetic Ceramic,Abrasive Ceramic,Rachana Shilp",Bath & Fittings
Vishal Trading Company NX,Home Improvement,"Tile,Bathroom Fitting,Sanitary Ware,Home Decor,Electrical Ceramic,Magnetic Ceramic,Abrasive Ceramic,Kajaria,Vishal Trading Company NX",Bath & Fittings
Dream Decor Mattress And Furnishings,Furnishing,"Carpet,Rug,Blind,Bedsheet,Curtain,Sofa Fabric,Pillow,Blankets,Grass Mat,Carpet Runner,Mattress,Foam,Spring,Dream Decor Mattress And Furnishings ",Furnishing
Hayan plywood,Home Improvement,"Plywood,Laminate,Interior Decor,Wood  Flooring,Wallpaper,Hayan Plywood ",Laminates & Wallpaper
Somi Sports And Fitness,Sports,"Sport Equipment,Sport T-Shirt,Sport Wear,Trophy,Cricket,Football,Basketball,Tennis,Badminton,Yoga Wear,Gym Wear,Tank Top,Sweatpant,Capri Pant,Sweat Short,Racerbacks,Sport Trousers,Equipment,Health,Sport Shoe,Somi Sports And Fitness ",Sports
The kitchen4u,Kitchen,"Kitchen Equipments,Crockery,Appliances,Kitchen Electrics,Modular,Kitchen Gift Items,Steel,Cultery,Furniture,The kitchen 4u,Blum,Hafele,Hettich",Kitchen
Jalaram Light Lounge,Lights,"Ceiling Light,LED Lighting,Light Art,Stage Light,Fan Light,Street Light,Designer Light,Architecture Light,Elegant Light,Decorative Light,Wall Mounted Fixture,LED Downlight,Chandelier,Accent Lighting,Ambient Lighting,Rope Lighting,Niche Lighting,Jalaram Light Lounge,Artemis",Lighting
Jalaram Lights Studio,Lights,"Ceiling Light,LED Lighting,Light Art,Stage Light,Fan Light,Street Light,Designer Light,Architecture Light,Elegant Light,Decorative Light,Wall Mounted Fixture,LED Downlight,Chandelier,Accent Lighting,Ambient Lighting,Rope Lighting,Niche Lighting,Jalaram Lights Studio,JLS",Lighting
Bombay Carpet ,Furnishing,"Carpet,Rug,Blind,Bedsheet,Curtain,Sofa Fabric,Pillow,Blankets,Grass Mat,Carpet Runner,Mattress,Bombay Carpet ",Carpets & Rugs
Elegant Hardware And Interior ,Home Improvement,"Hardware,Interior Fitting,Interior Design,Interior Decor,Home Decors,Elegant Hardware And Interior ",Bath & Fittings
Furniture Studio,Furniture ,"Kitchen Furniture,Table,Chair,Desk,Sofa,Leather Sofa,Cupboard,Dining,Bed,Wardrobe,Office Chair,Office Table,Coffee Table,Computer Table,Study Table,Collapsible Wardrobe,Dressing Table,Bookshelves,Recliner,Home Benches,Shoe Stand,Furniture Studio",Furniture 
Houzz Beautiful,Furniture,"Kitchen Furniture,Table,Chair,Desk,Sofa,Leather Sofa,Cupboard,Dining,Bed,Wardrobe,Office Chair,Office Table,Coffee Table,Computer Table,Study Table,Collapsible Wardrobe,Dressing Table,Bookshelves,Recliner,Home Benches,Shoe Stand,Houzz Beautiful",Furniture
Kalakriti Art Gallery,Home Improvement,"Statue,Artistic,Home Decor,Showpiece,Artificial Flower,Gift Item,Temple,Kalakriti Art Gallery",Art & Decor
metro brass decorative hardare studio ,Home Improvement,"Hardware,Interior Fitting,Bathroom Design,Home Decor,Metro Brass,Metro Brass Decorative Hardware Studio ",Bath & Fittings
Stay Well,Furniture ,"Kitchen Furniture,Table,Chair,Desk,Sofa,Leather Sofa,Cupboard,Dining,Bed,Wardrobe,Office Chair,Office Table,Coffee Table,Computer Table,Study Table,Collapsible Wardrobe,Dressing Table,Bookshelves,Recliner,Home Benches,Shoe Stand,Stay Well",Furniture 
Wood Castle,Furniture ,"Kitchen Furniture,Table,Chair,Desk,Sofa,Leather Sofa,Cupboard,Dining,Bed,Wardrobe,Office Chair,Office Table,Coffee Table,Computer Table,Study Table,Collapsible Wardrobe,Dressing Table,Bookshelves,Recliner,Home Benches,Shoe Stand,Wood Castle ",Furniture 
Furniture Point,Furniture,"Kitchen Furniture,Table,Chair,Desk,Sofa,Leather Sofa,Cupboard,Dining,Bed,Wardrobe,Office Chair,Office Table,Coffee Table,Computer Table,Study Table,Collapsible Wardrobe,Dressing Table,Bookshelves,Recliner,Home Benches,Shoe Stand,Furniture Point",Furniture
Navsupe Trophy And Gift Articles,Sports,"Trophy,Leather,Gift's Article,Navsupe Trophy And Gift Articles",Furniture
Shivam Kitchen Furniture,Furniture,"Kitchen Furniture,Table,Chair,Desk,Sofa,Leather Sofa,Cupboard,Dining,Bed,Wardrobe,Office Chair,Office Table,Coffee Table,Computer Table,Study Table,Collapsible Wardrobe,Dressing Table,Bookshelves,Recliner,Home Benches,Shoe Stand,Shivam Kitchen Furniture",Furniture
Wet Concepts,Home Improvement,"Showroom Designer Tile,Sanitarywear,Bathroom Fitting,Tile,Wet Concepts",Bath & Fittings
Zebra,Furniture,"Kitchen Furniture,Table,Chair,Desk,Sofa,Leather Sofa,Cupboard,Dining,Bed,Wardrobe,Office Chair,Office Table,Coffee Table,Computer Table,Study Table,Collapsible Wardrobe,Dressing Table,Bookshelves,Recliner,Home Benches,Shoe Stand,Lights,Zebra",Furniture
Celebration the Furnishing Gallery ,Furnishing,"Carpet,Rug,Blind,Bedsheet,Curtain,Sofa Fabric,Pillow,Blankets,Grass Mat,Carpet Runner,Mattress,Decor,Celebration the Furnishing Gallery ",Furnishing
Hardware Gallery,Home Improvement,"Hardware,Interior Fitting,Bathroom Design,Home Decor,Hardware Gallery ",Bath & Fittings
Kitchen Boutique ,Kitchen,"Kitchen Equipments,Crockery,Appliances,Kitchen Electrics,Modular,Kitchen Gift Items,Steel,Cultery,Furniture,Kitchen Boutique ",Kitchen
Total Sports & Fitness,Sports,"Sport Equipment,Sport T-Shirt,Sportswear,Trophy,Cricket,Football,Basketball,Tennis,Badminton,Yoga Wear,Gym Wear,Tank Top,Sweatpant,Capri Pant,Sweat Short,Racerbacks,Sport Trousers,Equipment,Health,Sport Shoe,Total Sports & Fitness",Sports
Total Sports & Fitness ,Sports,"Dumbbell,Cross-Country Ski Machine,Elliptical Trainer,Rowing Machine,Stair Steppers,Treadmill,Ankle Weight,Weights,Yoga Mat,Cap Barbell,Battle Rope,Everlast Heavy Bag,Gymnastic Rings,Basic Gym Equipment,Sport Equipmet,Total Sports & Fitness ",Sports
2221020031 /,Sports,"Sport Equipment,Sport T-Shirt,Sportswear,Trophy,Cricket,Football,Basketball,Tennis,Badminton,Yoga Wear,Gym Wear,Tank Top,Sweatpant,Capri Pant,Sweat Short,Racerbacks,Sport Trousers,Equipment,Health,Sport Shoe,Total Sports And Fitness ",Sports
Total Sports and fitness,Sports,"Sport Equipment,Sport T-Shirt,Sportswear,Trophy,Cricket,Football,Basketball,Tennis,Badminton,Yoga Wear,Gym Wear,Tank Top,Sweatpant,Capri Pant,Sweat Short,Racerbacks,Sport Trousers,Equipment,Health,Sport Shoe,Total Sports And Fitness ",Sports
Akashi Designer Studio ,Apparel,"Saree,Fancy Saree,regular Saree,Wedding Collection,Kurta,Kurti,Lehenga,Dress Material,Ghagra,Multi Designer Store,Akashi Designer Studio ",Fashion
Gravity ,Apparel,"Men's Wear,Clothing,Branded,Party Wear,Casual Wear,Leather,Jumpsuit,Jeans,Sweatshirt,T Shirt,Shirt,Sweater,Jacket,Top,Bottoms,Sleepwear,Trousers,Innerwear,,Capris,Shorts,Skirt,Shrug,Coat,Blazer,Waistcoat,SSSkinny Jeans,Distressed Jeans,Highwaist Jeans,Dungaree,Cotton,Silk,Gravity ",Fashion
Apollo Hardware & Ceramic,Home Improvement,"Designer Tile,Sanitary Ware,Ceramic,Stone,Granite,Electrical Ceramic,Magnetic Ceramic,Abrasive Ceramic,Apolo Hardware & Ceramic",Bath & Fittings
Brilliant Collection,Accessories,"Beauty Product,Cosmetic,Accessories,Bag,Watch,Phone Case,Selfie Stick,Tripod,Belt,Sunglass,Umbrella,Wallet,Brilliant Collection,International",Accessories
Uth Accessories,Accessories,"Accessories,Bag,Watch,Phone Case,Selfie Stick,Tripod,Belt,Sunglass,Umbrella,Wallet,Uth Accessories",Accessories
Central studio,Home Improvement,"Laminate,Wallpaper,Highlighter,Wooden Flooring,Vinyl Flooring, Charcoal Panel,Glass Film,Central Studio",Laminates & Wallpaper
Pallavi Ceramic & Granite,Home Improvement,"Designer Tile,Sanitary Ware,Stone,Granite,Ceramic,Pallavi Ceramic & Granite",Bath & Fittings
Swagat Ply,Home Improvement,"Plywood,Laminate,Wallpapers,Wooden Flooring,Floor Art,Home Decor,Royal Touch,Swgat Ply",Laminates & Wallpaper
Arihant Glass,Home Improvement,"Glass,Mirror,Name Plate,Decorative Glass,Designer Glass,Arihant Glass",Glass
Arihant Plywood,Home Improvement,"Plywood,Laminate,Wallpapers,Wooden Flooring,Floor Art,Home Decor,Royal touch,Arihant,Arihant Plywood ",Laminates & Wallpaper
HariOm Interiors,Furniture,"Kitchen Furniture,Table,Chair,Desk,Sofa,Leather Sofa,Cupboard,Dining,Bed,Wardrobe,Office Chair,Office Table,Coffee Table,Computer Table,Study Table,Collapsible Wardrobe,Dressing Table,Bookshelves,Recliner,Home Benches,Shoe Stand,Hariom Interiors",Furniture
Konwood interiors,Home Improvement,"Interior Designing,Home Decoration,Kitchen Interior,Showpiece,Artificial Flower,Gift Item,Konwood Interiors",Art & Decor
Samrat,Bags,"Handbag,Sling bag,Clutches,tote,Messenger Bag,Shoulder Bag,Backpack,Waist Pouch,Antistatic bag,Leather Bag,Wallet,Hobo Bag,Satchel,Bucket bag,Bowler Bag,Wristlet,Designer Pouch,Saddle Bag,Miniaudiere,Drawstring Bag,Make Up Bag,Foldover Bag,Phone Bag,Baguette Bag,Barrel Bag,Fanny Pack,Kelly Bag,Travelling Bag,Vip,America Tourists,Feggi,Skyline,Samrat",Fashion
Jhaveri Sports & Gifts,Sports,"Sport Equipment,Sport T-Shirt,Sportswear,Trophy,Cricket,Football,Basketball,Tennis,Badminton,Yoga Wear,Gym Wear,Tank Top,Sweatpant,Capri Pant,Sweat Short,Racerbacks,Sport Trousers,Equipment,Health,Sport Shoe,Jhaveri Sports & Gifts",Sports
Paramount Sports And Nutritional,Sports,"Sport Equipment,Sport T-Shirt,Sportswear,Trophy,Cricket,Football,Basketball,Tennis,Badminton,Yoga Wear,Gym Wear,Tank Top,Sweatpant,Capri Pant,Sweat Short,Racerbacks,Sport Trousers,Equipment,Health,Sport Shoes,Paramount,Paramount Sports And Nutritional ",Sports
Paramount Sports And Nutritional ,Sports,"Sport Equipment,Sport T-Shirt,Sportswear,Trophy,Cricket,Football,Basketball,Tennis,Badminton,Yoga Wear,Gym Wear,Tank Top,Sweatpant,Capri Pant,Sweat Short,Racerbacks,Sport Trousers,Equipment,Health,Sport Shoes,Paramount,Paramount Sports And Nutritional ",Sports
Roop Milan,Accessories,"Saree,Fancy Saree,Regular Saree,Wedding Collection,Men's Wear,Kurta,Kurti,Lehenga,Ghagra,Sherwani,Roop Milan",Fashion
Royal Sports,Sports,"Sport Equipment,Sport T-Shirt,Sportswear,Trophy,Cricket,Football,Basketball,Tennis,Badminton,Yoga Wear,Gym Wear,Tank Top,Sweatpant,Capri Pant,Sweat Short,Racerbacks,Sport Trousers,Equipment,Health,Sport Shoe,Royal Sports",Sports
Stylocus,Bags,"Handbag,Sling bag,Clutches,tote,Messenger Bag,Shoulder Bag,Backpack,Waist Pouch,Antistatic bag,Leather Bag,Wallet,Hobo Bag,Satchel,Bucket bag,Bowler Bag,Wristlet,Designer Pouch,Saddle Bag,Miniaudiere,Drawstring Bag,Make Up Bag,Foldover Bag,Phone Bag,Baguette Bag,Barrel Bag,Fanny Pack,Kelly Bag,Travelling Bag,Stylocus",Sports
Total Sports And Fitness Vashi,Sports,"Sport Equipment,Sport T-Shirt,Sportswear,Trophy,Cricket,Football,Basketball,Tennis,Badminton,Yoga Wear,Gym Wear,Tank Top,Sweatpant,Capri Pant,Sweat Short,Racerbacks,Sport Trousers,Equipment,Health,Sport Shoe,Total Sports And Fitness ",Sports
Esbeda Bags,Bags,"Handbag,Sling bag,Clutches,tote,Messenger Bag,Shoulder Bag,Backpack,Waist Pouch,Antistatic bag,Leather Bag,Wallet,Hobo Bag,Satchel,Bucket bag,Bowler Bag,Wristlet,Designer Pouch,Saddle Bag,Miniaudiere,Drawstring Bag,Make Up Bag,Foldover Bag,Phone Bag,Baguette Bag,Barrel Bag,Fanny Pack,Kelly Bag,Travelling Bag,Esbeda,Esbeda Bags",Fashion
Esbeda Bags,Bags,"Handbag,Sling bag,Clutches,tote,Messenger Bag,Shoulder Bag,Backpack,Waist Pouch,Antistatic bag,Leather Bag,Wallet,Hobo Bag,Satchel,Bucket bag,Bowler Bag,Wristlet,Designer Pouch,Saddle Bag,Miniaudiere,Drawstring Bag,Make Up Bag,Foldover Bag,Phone Bag,Baguette Bag,Barrel Bag,Fanny Pack,Kelly Bag,Travelling Bag,Esbeda,Esbeda Bags",Fashion
Kashish Furnishing,Furnishing,"Carpet,Rug,Blind,Bedsheet,Curtain,Sofa Fabric,Pillow,Blankets,Grass Mat,Carpet Runner,Mattress,Kashish Furnishing",Furnishing
Shree Laxmi Interiors,Furniture,"Kitchen Furniture,Table,Chair,Desk,Sofa,Leather Sofa,Cupboard,Dining,Bed,Wardrobe,Office Chair,Office Table,Coffee Table,Computer Table,Study Table,Collapsible Wardrobe,Dressing Table,Bookshelves,Recliner,Home Benches,Shoe Stand,Office Chair,Shree Laxmi Interiors,In-House brand",Furniture
Kushion Kraft,Furnishing,"Carpet,Rug,Blind,Bedsheet,Curtain,Sofa Fabric,Pillow,Blankets,Grass Mat,Carpet Runner,Mattress,Office Seating,Kushion Kraft,Sealy,Magniflex,In-house",Furnishing
Manoj Cermaic Ltd,Home Improvement,"Designer Tile,Sanitary Ware,Stone,Granite,Ceramic,Manoj Cermaic Ltd,Redulex Plaster,Block Join Motor,MCPL,Jaquar,Roka",Bath & Fittings
Manoj Cermaic Ltd,Home Improvement,"Designer Tile,Sanitary Ware,Stone,Granite,Ceramic,Manoj Cermaic Ltd,Redulex Plaster,Block Join Motor,MCPL,Jaquar,Roka",Bath & Fittings
Proserve Marketing LLP,Lights,"Ceiling Light,LED Lighting,Light Art,Stage Light,Fan Light,Street Light,Designer Light,Architecture Light,Elegant Light,Decorative Light,Wall Mounted Fixture,LED Downlight,Chandelier,Accent Lighting,Ambient Lighting,Rope Lighting,Niche Lighting,Proserve Marketing LLP,Philips,Philips Smart Light Hub",Lighting
1st beauty,Beauty,"Cosmetic,Skin Care,Make Up,Nail Art,Hair Care,Body Care,Fragrance,Body Soap,Hair Styling Equipment,Hair Accessories,Men's Grooming,Kajal,Eyeliner,Lipstick,Compact ,Makeup,Brush,Blush,Highlighter,Foundation,Eye Palette,Lip Liner,Eyeshadow,Bronzer,Lip Balm,Mascara,Cleanser,Scrub,Moisturizer,Anti Aging Cream,Night Cream,Sun Scream,Hairspray,Beard Oil,Trimer,Shaving Cream,Hair Dryer,Straightener,Curler,Nail Paint,Maybelline,Lakme,Manish Malhotra,Loreal,Avon,VLCC,Elle 18,Garnier,Cheryl's,Shahnaz Husain,Bodyshop,Chambor,Tresemme,Kaya,Vurv,Aroma Magic,Nivea,Zuska,Richfeel,Neutrogena,Olina,Ulric De Varens,Lotus,Biotique,Brut,Jorda,Bourjois,AloDerma PH,Revlon,Sugar,Schwarzkopf,Olay,NYX,1st Beauty",Beauty
New Beauty Centre,Beauty,"Cosmetic,Skin Care,Make Up,Nail Art,Hair Care,Body Care,Fragrance,Body Soap,Hair Styling Equipment,Hair Accessories,Men's Grooming,Kajal,Eyeliner,Lipstick,Compact ,Makeup,Brush,Blush,Highlighter,Foundation,Eye Palette,Lip Liner,Eyeshadow,Bronzer,Lip Balm,Mascara,Cleanser,Scrub,Moisturizer,Anti Aging Cream,Night Cream,Sun Scream,Hairspray,Beard Oil,Trimer,Shaving Cream,Hair Dryer,Straightener,Curler,Nail Paint,Maybelline,Lakme,Manish Malhotra,Loreal,Avon,VLCC,Elle 18,Garnier,Cheryl's,Shahnaz Husain,Bodyshop,Chambor,Tresemme,Kaya,Vurv,Aroma Magic,Nivea,Zuska,Richfeel,Neutrogena,Olina,Ulric De Varens,Lotus,Biotique,Brut,Jorda,Bourjois,AloDerma PH,Revlon,Sugar,Schwarzkopf,Olay,NYX,New Beauty Centre",Beauty
Sayonara,Travel,"Wheeled Backpack,Luggage,Rolling Suitcase,Suitcase,Trolley Bag,Rucksack,Travel Toes,Duffle Bag,Hardside Luggage,Laptop Bag,Garment Bag,Vintage Suitcase,Travel Trunk,Beach Bag,Camera Case Bag,Victorinox,Swiss Gear,Delsey,Itluggage,Eminent,Lipault,Sayonara,Samsonite,American Tourister",Accessories
Nova Veneer,Home Improvement,"Plywood,Veneer,Timber,Laminate,MDF,Wooden Flooring,Wallpaper,Granite,In-House brand,Nova Veneer",Laminates & Wallpaper
The Beauty Shop,Beauty,"Cosmetic,Skin Care,Make Up,Nail Art,Hair Care,Body Care,Fragrance,Body Soap,Hair Styling Equipment,Hair Accessories,Men's Grooming,Kajal,Eyeliner,Lipstick,Compact ,Makeup,Brush,Blush,Highlighter,Foundation,Eye Palette,Lip Liner,Eyeshadow,Bronzer,Lip Balm,Mascara,Cleanser,Scrub,Moisturizer,Anti Aging Cream,Night Cream,Sun Scream,Hairspray,Beard Oil,Trimer,Shaving Cream,Hair Dryer,Straightener,Curler,Nail Paint,Maybelline,Lakme,Manish Malhotra,Loreal,Avon,VLCC,Elle 18,Garnier,Cheryl's,Shahnaz Husain,Bodyshop,Chambor,Tresemme,Kaya,Vurv,Aroma Magic,Nivea,Zuska,Richfeel,Neutrogena,Olina,Ulric De Varens,Lotus,Biotique,Brut,Jorda,Bourjois,AloDerma PH,Revlon,Sugar,Schwarzkopf,Olay,NYX,The Beauty Shop",Beauty
Beauty Centre,Beauty,"Cosmetic,Skin Care,Make Up,Nail Art,Hair Care,Body Care,Fragrance,Body Soap,Hair Styling Equipment,Hair Accessories,Men's Grooming,Kajal,Eyeliner,Lipstick,Compact ,Makeup,Brush,Blush,Highlighter,Foundation,Eye Palette,Lip Liner,Eyeshadow,Bronzer,Lip Balm,Mascara,Cleanser,Scrub,Moisturizer,Anti Aging Cream,Night Cream,Sun Scream,Hairspray,Beard Oil,Trimer,Shaving Cream,Hair Dryer,Straightener,Curler,Nail Paint,Maybelline,Lakme,Manish Malhotra,Loreal,Avon,VLCC,Elle 18,Garnier,Cheryl's,Shahnaz Husain,Bodyshop,Chambor,Tresemme,Kaya,Vurv,Aroma Magic,Nivea,Zuska,Richfeel,Neutrogena,Olina,Ulric De Varens,Lotus,Biotique,Brut,Jorda,Bourjois,AloDerma PH,Revlon,Sugar,Schwarzkopf,Olay,NYX,Beauty Centre",Beauty
Core Light,Lights,"Ceiling Light,LED Lighting,Light Art,Stage Light,Fan Light,Street Light,Designer Light,Architecture Light,Elegant Light,Decorative Light,Wall Mounted Fixture,LED Downlight,Chandelier,Accent Lighting,Ambient Lighting,Rope Lighting,Niche Lighting,Drivers LED,Halogen Light LED,Light Panels LED,Light Strips LED,Track Light,LED Wall Light,LED Wall Washer Light,Light Collection,Neo Flex Strips Outdoor Light,Spot Light,Core Light,Litex,In-House Brand",Lights
Carpet Darbar,Furnishing,"Carpet,Rug,Blind,Bedsheet,Curtain,Sofa Fabric,Pillow,Blankets,Grass Mat,Carpet Runner,Mattress,Carpet Darbar",Furnishing
Classic Bath Hub,Home Improvement,"Tile,Bathroom Fitting,Sanitary Ware,Home Decor,Classic Bath Hub,Bath Hub",Bath & Fittings
Meeshka lighting studio,Lights,"Ceiling Light,LED Lighting,Light Art,Stage Light,Fan Light,Street Light,Designer Light,Architecture Light,Elegant Light,Decorative Light,Wall Mounted Fixture,LED Downlight,Chandelier,Accent Lighting,Ambient Lighting,Rope Lighting,Niche Lighting,Meeshka lighting studio",Furnishing
New Jalaram Electric And Lighting Plaza,Lights,"Ceiling Light,LED Lighting,Light Art,Stage Light,Fan Light,Street Light,Designer Light,Architecture Light,Elegant Light,Decorative Light,Wall Mounted Fixture,LED Downlight,Chandelier,Accent Lighting,Ambient Lighting,Rope Lighting,Niche Lighting,New Jalaram Electric And Lighting Plaza,Lighting Plaza",Furnishing
Parshali Foam & Furnishing,Furnishing,"Carpet,Rug,Blind,Bedsheet,Curtain,Sofa Fabric,Pillow,Blankets,Grass Mat,Carpet Runner,Mattress,Parshali Foam & Furnishing,Kurl-On Mattresses",Furnishing
Prashali Enterprise,Furnishing,"Carpet,Rug,Blind,Bedsheet,Curtain,Sofa Fabric,Pillow,Blankets,Grass Mat,Carpet Runner,Mattress,Parshali Foam & Furnishing,Kurl-On Mattresses",Furnishing
Vimal Mattresses,Furnishing,"Carpet,Rug,Blind,Bedsheet,Curtain,Sofa Fabric,Pillow,Blankets,Grass Mat,Carpet Runner,Mattress,Vimal Mattresses,Kurl-On Mattresses",Furnishing
Gada Estates Pvt. Ltd,Apparel,"Designer Clothes,Branded,Wedding Wear,Men's Wear,Sherwani,Kurta,Saree,Fancy Saree,regular Saree,Wedding Collection, Bridal Wear,Kurti,Lehenga,Dress Material,Ghagra,Gada Estates Pvt. Ltd,Panihari,In-house Brand",Fashion
Gada Estates Pvt. Ltd,Apparel,"Designer Clothes,Branded,Wedding Wear,Men's Wear,Sherwani,Kurta,Saree,Fancy Saree,regular Saree,Wedding Collection, Bridal Wear,Kurti,Lehenga,Dress Material,Ghagra,Gada Estates Pvt. Ltd,Panihari,In-house Brand",Fashion
Plezer,Apparel,"Designer Clothes,Branded,Wedding Wear,Men's Wear,Sherwani,Kurta,Saree,Fancy Saree,regular Saree,Wedding Collection,Kurti,Lehenga,Dress Material,Ghagra,Silk,In-house brand,Plezer",Fashion
Aatarah By Jagrrutis,Apparel,"Designer Clothes,Branded,Wedding Wear,Men's Wear,Sherwani,Kurta,Saree,Fancy Saree,regular Saree,Wedding Collection, Bridal Wear,Kurti,Lehenga,Dress Material,Ghagra,Silk,Aatarah By Jagrruti's,In-house Brand",Fashion
Dan Sports & Apparel Pvt. Ltd,Sports,"Sport Equipment,Sport T-Shirt,Sportswear,Trophy,Cricket,Football,Basketball,Tennis,Badminton,Yoga Wear,Gym Wear,Tank Top,Sweatpant,Capri Pant,Sweat Short,Racerbacks,Sport Trousers,Equipment,Health,Sport Shoe,Cricket Bat,Cricket Ball,Kit,Dan Sports & Apparel Pvt. Ltd,SG,SS,Gray Nicolls,Gunn & Moore,Puma,Kookaburra,Ca,Malik,Crickstore",Sports
Beauty Planet,Beauty,"Cosmetic,Skin Care,Make Up,Nail Art,Hair Care,Body Care,Fragrance,Body Soap,Hair Styling Equipment,Hair Accessories,Men's Grooming,Kajal,Eyeliner,Lipstick,Compact ,Makeup,Brush,Blush,Highlighter,Foundation,Eye Palette,Lip Liner,Eyeshadow,Bronzer,Lip Balm,Mascara,Cleanser,Scrub,Moisturizer,Anti Aging Cream,Night Cream,Sun Scream,Hairspray,Beard Oil,Trimer,Shaving Cream,Hair Dryer,Straightener,Curler,Nail Paint,Beauty Planet,Casa,Hairpro,Tweex,Art Fx,MYN,Bio Spa,Maybelline,Chambor,Lakme,Loreal",Beauty
Beauty Planet,Beauty,"Cosmetic,Skin Care,Make Up,Nail Art,Hair Care,Body Care,Fragrance,Body Soap,Hair Styling Equipment,Hair Accessories,Men's Grooming,Kajal,Eyeliner,Lipstick,Compact ,Makeup,Brush,Blush,Highlighter,Foundation,Eye Palette,Lip Liner,Eyeshadow,Bronzer,Lip Balm,Mascara,Cleanser,Scrub,Moisturizer,Anti Aging Cream,Night Cream,Sun Scream,Hairspray,Beard Oil,Trimer,Shaving Cream,Hair Dryer,Straightener,Curler,Nail Paint,Beauty Planet,Casa,Hairpro,Tweex,Art Fx,MYN,Bio Spa,Maybelline,Chambor,Lakme,Loreal",Beauty
Tectonic Fitness,Fitness,"Sports, gym equipments, badminton rackets, cricket bat, protein powder, basket ball, gloves, swim suits, weights, bottles, gym cycle",Fitness@home
Hermosa Casa ,Home Improvement,"Gift,show piece, crockery set, delicates, jar, vase, mug, bottle, watche, lamp, tea pot set, gift boxe, home decor accessory, artifacts",Art & Decor
Jaipur Rugs,Furnishing ,"Rug, rugs, Handloom, carpet, designer rug",Carpet & Rugs
Pashmina ,Apparel,"Pashmina, Shawl, stoles",Fashion
Sunbeam Bags Shop,Bags,"Handbag,Sling bag,Clutches,tote,Messenger Bag,Shoulder Bag,Backpack,Waist Pouch,Antistatic bag,Leather Bag,Wallet,Hobo Bag,Satchel,Bucket bag,Bowler Bag,Wristlet,Designer Pouch,Saddle Bag,Miniaudiere,Drawstring Bag,Make Up Bag,Foldover Bag,Phone Bag,Baguette Bag,Barrel Bag,Fanny Pack,Kelly Bag,Sunbeam Bags Shoppe,Sunbeam",Fashion
Anand Home store,Home Improvement,"Kitchen Equipments,Crockery,Appliances,Kitchen Electrics,Modular,Kitchen Gift Items,Steel,Cutlery,Beauty Product,Anand Home Store",Kitchen
Anand Steel,Home Improvement,"Kitchen Equipments,Crockery,Appliances,Kitchen Electrics,Modular,Kitchen Gift Items,Steel,Cutlery,Beauty Product,Anand Steel",Kitchen
aAvakar Exclusively Furnishings Fabrics,Furnishing,"Carpet,Rug,Blind,Bedsheet,Curtain,Sofa Fabric,Pillow,Blankets,Grass Mat,Carpet Runner,Mattress,D'Decor,Aavkar Exclusively Furnishings Fabrics",Furnishing
Manav Studio,Apparel,"Designer Clothes,Branded,Wedding Wear,Men's Wear,Sherwani,Kurta,Saree,Fancy Saree,regular Saree,Wedding Collection,Kurti,Lehenga,Dress Material,GhagraManav Studio",Fashion
Floor Art,Home Improvement,"Designer Flooring,Artificial Flooring,Grass mats,Wallpaper Flooring,Carpet,Pvc Flooring,Roller Vertical,Wooden Flooring,Floor Matting,Floor Art",Laminates & Wallpaper
Monark Plywood,Home Improvement,"Wood Lamination,Highlighter Wallpaper,Wooden Flooring,Wall Covering,Designer Plywood,Monak,Monark Plywood",Laminates & Wallpaper
FabMart Furnishing Gallery,Home Improvement,"Carpet,Rug,Blind,Bedsheet,Curtain,Sofa Fabric,Pillow,Blankets,Grass Mat,Carpet Runner,Mattress,Fabmart Furnishing Gallery",Furnishing
Ideal Furniture And Modular Kitchens,Kitchen,"Kitchen Furniture,Table,Chair,Desk,Sofa,Leather Sofa,Cupboard,Dining,Bed,Wardrobe,Office Chair,Office Table,Coffee Table,Computer Table,Study Table,Collapsible Wardrobe,Dressing Table,Bookshelves,Recliner,Home Benches,Shoe Stand,Ideal Furniture And Modular Kitchens",Furniture
D,Fitness,"Cycle,Sport Cycle,Ledies Cycle,Folding Cycle, Off-Road Cycle,Imperial,Imperial Cycles",Fitness@home
Imperial Cycles,Fitness,"Cycle,Sport Cycle,Ledies Cycle,Folding Cycle, Off-Road Cycle,Imperial,Imperial Cycles",Fitness@home
Imperial Cycles,Fitness,"Cycle,Sport Cycle,Ledies Cycle,Folding Cycle, Off-Road Cycle,Imperial,Imperial Cycles",Fitness@home
Beauty Furnishing Fabrics,Furnishing,"Carpet,Rug,Blind,Bedsheet,Curtain,Sofa Fabric,Pillow,Blankets,Grass Mat,Carpet Runner,Mattress,Beauty Furnishing Fabrics",Furnishing
Fine Furniture,Furniture,"Kitchen Furniture,Table,Chair,Desk,Sofa,Leather Sofa,Cupboard,Dining,Bed,Wardrobe,Office Chair,Office Table,Coffee Table,Computer Table,Study Table,Collapsible Wardrobe,Dressing Table,Bookshelves,Recliner,Home Benches,Shoe Stand,Fine Furniture",Furniture
Little Long,Furniture,"Kitchen Furniture,Table,Chair,Desk,Sofa,Leather Sofa,Cupboard,Dining,Bed,Wardrobe,Office Chair,Office Table,Coffee Table,Computer Table,Study Table,Collapsible Wardrobe,Dressing Table,Bookshelves,Recliner,Home Benches,Shoe Stand,Little Long",Furniture
S9 Helmets And Accessories,Accessories,"Bike Accessories,Helmet,Riding Glove,Rain Gear,Protectors,Storage Box,Tool Kit,Padded Shorts,S9 Helmets And Accessories",Accessories
Gear Up Sports,Sports,"Sport Equipment,Sport T-Shirt,Sportswear,Trophy,Cricket,Football,Basketball,Tennis,Badminton,Yoga Wear,Gym Wear,Tank Top,Sweatpant,Capri Pant,Sweat Short,Racerbacks,Sport Trousers,Equipment,Health,Sport Shoe,Gear Up Sports",Sports
Meraki Art For Every Soul,Home Improvement,"Home Decor,Clock,Showpiece,Wall Decoration,Artificial Flower,Interior Design,Meraki Art For Every Soul ",Art & Decor
Meraki Art For Every Soul Thane,Home Improvement,"Home Decor,Clock,Showpiece,Wall Decoration,Artificial Flower,Interior Design,Meraki Art For Every Soul ",Art & Decor
Total Sports And Fitness Borivali,Sports,"Sport Equipment,Sport T-Shirt,Sportswear,Trophy,Cricket,Football,Basketball,Tennis,Badminton,Yoga Wear,Gym Wear,Tank Top,Sweatpant,Capri Pant,Sweat Short,Racerbacks,Sport Trousers,Equipment,Health,Sport Shoe,Total Sports And Fitness ",Sports
Total Sports And Fitness Dombivali,Sports,"Sport Equipment,Sport T-Shirt,Sportswear,Trophy,Cricket,Football,Basketball,Tennis,Badminton,Yoga Wear,Gym Wear,Tank Top,Sweatpant,Capri Pant,Sweat Short,Racerbacks,Sport Trousers,Equipment,Health,Sport Shoe,Total Sports And Fitness ",Sports
B.M.Shah & Co.,Home Improvement,"Home Decor,Fitting,Bathroom Fitting,Sanitary Wear,Interior Decor,B.M.Shah & Co.",Bath & Fittings
godrej & boyce mfg. co. ltd.,Furniture,"Kitchen Furniture,Table,Chair,Desk,Sofa,Leather Sofa,Cupboard,Dining,Bed,Wardrobe,Office Chair,Office Table,Coffee Table,Computer Table,Study Table,Collapsible Wardrobe,Dressing Table,Bookshelves,Recliner,Home Benches,Shoe Stand,Godrej Interio-Furniture Store & Modular Kitchen Gallery",Furniture
godrej & boyce mfg. co. ltd.,Furniture,"Kitchen Furniture,Table,Chair,Desk,Sofa,Leather Sofa,Cupboard,Dining,Bed,Wardrobe,Office Chair,Office Table,Coffee Table,Computer Table,Study Table,Collapsible Wardrobe,Dressing Table,Bookshelves,Recliner,Home Benches,Shoe Stand,Godrej Interio-Furniture Store & Modular Kitchen Gallery",Furniture
Springwel Mattresses Pvt. Ltd ,Furnishing ,"Mattress,pillow,bed,spring mattress,bonded mattress,PUF Mattress,latex mattress,memory foam mattress,luxury mattress,accessories",Mattress
Springwel Mattresses Pvt. Ltd.,Furnishing ,"Mattress,pillow,bed,spring mattress,bonded mattress,PUF Mattress,latex mattress,memory foam mattress,luxury mattress,accessories",Mattress
Springwel Mattresses Pvt Ltd.,Furnishing ,"Mattress,pillow,bed,spring mattress,bonded mattress,PUF Mattress,latex mattress,memory foam mattress,luxury mattress,accessories",Mattress
Springwel Mattresses Pvt Ltd.,Furnishing ,"Mattress,pillow,bed,spring mattress,bonded mattress,PUF Mattress,latex mattress,memory foam mattress,luxury mattress,accessories",Mattress
Springwel Mattresses Pvt Ltd.,Furnishing ,"Mattress,pillow,bed,spring mattress,bonded mattress,PUF Mattress,latex mattress,memory foam mattress,luxury mattress,accessories",Mattress
Springwel Mattresses Pvt Ltd.,Furnishing ,"Mattress,pillow,bed,spring mattress,bonded mattress,PUF Mattress,latex mattress,memory foam mattress,luxury mattress,accessories",Mattress
Springwel Mattresses Pvt Ltd.,Furnishing ,"Mattress,pillow,bed,spring mattress,bonded mattress,PUF Mattress,latex mattress,memory foam mattress,luxury mattress,accessories",Mattress
Springwel Mattresses Pvt Ltd.,Furnishing ,"Mattress,pillow,bed,spring mattress,bonded mattress,PUF Mattress,latex mattress,memory foam mattress,luxury mattress,accessories",Mattress
Springwel Mattresses Pvt Ltd.,Furnishing ,"Mattress,pillow,bed,spring mattress,bonded mattress,PUF Mattress,latex mattress,memory foam mattress,luxury mattress,accessories",Mattress
hermosa casa,Home Improvement,"Gift,show piece,crockery set,delicates,jar,vase,mug,bottle,watch,lamp,tea pot set,gift boxe,home decor accessory,artifacts",Art & Decor
pashmina,Apparel,"Pashmina,Shawl,stoles",Fashion
Jaipur Rugs,Furnishing,"Rug, rugs,Handloom, carpet, designer rug",Carpets & Rugs
Tectonic Fitness,Fitness,"Sports,gym equipments,badminton rackets, cricket bat, protein powder, basket ball, gloves, swim suits, weights, bottles, gym cycle",Fitness@home
Preety's,Apparel,"Designer dress, Gowns, skirts, chudidars, ruffle gowns, panetar, chaniya choli, lehenga, silk, bandhani,",Fashion
EVEUN - Your Luxury Lifestyle Store,Apparel,"Ethnic Dress, Gowns, Designer suits, Lehenga, Chaniya Choli, Panetar, Salwar Kameez, Ruffle gowns, Bandhani, Silk",Fashion
Stex Sports,Fitness,"Cardio Equipment, Commercial Strength Equipment, Dumbells, Plates and Rods, Battle Ropes and Cross fit Accessories, Cross Fit Cages,Medical Treadmill,Solid Gym Ball With Hand Pump,Gym Equipment, Health Equipments & Sports Accessories, Fitness Supplements,Smith Machines, Cable crossover machines, Power cage, Functional training multigym, home gyms, multi gyms,hex dumbells, round dumbells, bumber plates, rods, olympic rods, barbell rods, barbells,yoga mats, foam rollers, trigger point foam rollers, fitness gloves, bosu ball, gym ball, resistance tube sets,Exxentric Kbox",Fitness@home
Stex Sports,Fitness,"Cardio Equipment, Commercial Strength Equipment, Dumbells, Plates and Rods, Battle Ropes and Cross fit Accessories, Cross Fit Cages,Medical Treadmill,Solid Gym Ball With Hand Pump,Gym Equipment, Health Equipments & Sports Accessories, Fitness Supplements,Smith Machines, Cable crossover machines, Power cage, Functional training multigym, home gyms, multi gyms,hex dumbells, round dumbells, bumber plates, rods, olympic rods, barbell rods, barbells,yoga mats, foam rollers, trigger point foam rollers, fitness gloves, bosu ball, gym ball, resistance tube sets,Exxentric Kbox",Fitness@home
Stex Sports,Fitness,"Cardio Equipment, Commercial Strength Equipment, Dumbells, Plates and Rods, Battle Ropes and Cross fit Accessories, Cross Fit Cages,Medical Treadmill,Solid Gym Ball With Hand Pump,Gym Equipment, Health Equipments & Sports Accessories, Fitness Supplements,Smith Machines, Cable crossover machines, Power cage, Functional training multigym, home gyms, multi gyms,hex dumbells, round dumbells, bumber plates, rods, olympic rods, barbell rods, barbells,yoga mats, foam rollers, trigger point foam rollers, fitness gloves, bosu ball, gym ball, resistance tube sets,Exxentric Kbox",Fitness@home
Stex Sports,Fitness,"Cardio Equipment, Commercial Strength Equipment, Dumbells, Plates and Rods, Battle Ropes and Cross fit Accessories, Cross Fit Cages,Medical Treadmill,Solid Gym Ball With Hand Pump,Gym Equipment, Health Equipments & Sports Accessories, Fitness Supplements,Smith Machines, Cable crossover machines, Power cage, Functional training multigym, home gyms, multi gyms,hex dumbells, round dumbells, bumber plates, rods, olympic rods, barbell rods, barbells,yoga mats, foam rollers, trigger point foam rollers, fitness gloves, bosu ball, gym ball, resistance tube sets,Exxentric Kbox",Fitness@home
Organovedics,Beauty,"Face Wash, Shampoo, Conditioner, Serum, Face & Hair Mask, Body Lotion, Face & Body cream, Body Butter, Shower Gel",Beauty
Aartees Selection,Apparel,"Chaniya choli, Lehenga, Dress, Salwar Kameez, Saree, Gown, Kurti",Fashion
Gear-up Sports,Sports,"Cricket Bat, Yoga Mat, Badminton & Tennis Racquet, Football, Sports Equipment, Gym Equipment , Sports Wear, Games, Gloves, Swimwears, Sports Apparels, Bags, Sunglasses, Sports Shoes",Fitness@home
Sakheri Design Studio,Apparel,"Chaniya Choli, Lehenga, Kurti, Saree, Gown, Salwaar Kameer, Dress",Fashion
Paaneri Exim Pvt. Ltd,Apparel,"Chaniya Choli, Lehenga, Dress, Churidar, Salwar Kameez, Gown, Saree, Kurti, Bandhani, Patola, Silk, Chanderi",Fashion
Paaneri Exim Pvt. Ltd,Apparel,"Chaniya Choli, Lehenga, Dress, Churidar, Salwar Kameez, Gown, Saree, Kurti, Bandhani, Patola, Silk, Chanderi",Fashion
Rajveer Lifestyles Pvt. Ltd,Apparel,"Chaniya Choli, Lehenga, Dress, Saree, Kurti, Bandhani, Patola, Silk, Salwaar Kameez",Fashion
janmaakshar,Apparel,,Fashion